,0
0,-0.0022869705814476983
1,-0.0021686052149521365
2,0.0066542052012686995
3,0.0006586369664447478
4,-0.0035389902705133675
5,-0.0016034937230648208
6,0.004146889456728781
7,0.024668908525513768
8,-0.00022424396102423833
9,0.00040773577708348024
10,-0.007904799619947625
11,0.004922459228409171
12,0.000508262887762706
13,0.019006373783337013
14,0.0064296939113736296
15,-0.007254924391551731
16,-0.0013441388315838382
17,0.00026464808045355975
18,0.002488457459683683
19,-0.002511999725574851
20,-0.0016461151317161277
21,-0.0024216147129510444
22,-0.0012479690988675754
23,-0.014314589898202064
24,-0.0015272910879979146
25,-0.006669570310746324
26,0.0072585228005408835
27,0.005624837868760873
28,0.0024715835885424156
29,0.005064113084596873
30,-0.002733820436536017
31,-0.0014679643167963344
32,0.0051775698078374635
33,0.0052422577890324645
34,-0.0053938678706944715
35,-0.0029303512663097983
36,-0.0034477426704115598
37,0.0077945497186023595
38,-0.0022919011270194425
39,0.004103056374212398
40,0.059659608703052765
41,0.011896118611453805
42,0.0017423907550605695
43,-0.005816784658319488
44,-0.004060733839150489
45,-0.0029004530375269684
46,-0.010066717108236055
47,-0.008677877852471302
48,0.04975357275852925
49,-0.001997931401651696
50,0.046182945524967066
51,0.0027463252483593617
52,0.0044936377505306775
53,0.006088062996359472
54,0.003392143008956093
55,-0.002517139141787035
56,-0.006705690798024168
57,-0.0025148855623803174
58,0.022516708082841296
59,0.0073462610940038114
60,0.00035347177817822775
61,0.009624004963639646
62,-0.0005779071738283154
63,0.0008312597331823213
64,-0.00023077285065820768
65,-0.002420242164996065
66,0.005910151386767853
67,4.559549333760238e-05
68,0.027128008281988865
69,-0.0037721080239174337
70,-0.0002956338836761774
71,0.05671736442892162
72,0.007559211321997869
73,0.0027727116436887175
74,0.005733527167512447
75,0.04271786069068016
76,-0.004112186962686351
77,0.0016056230727258536
78,-0.004423275728842414
79,0.0012859388189229333
80,0.019546893163089135
81,0.0026837056992278716
82,-0.0029659165797468502
83,0.0022844072522797063
84,0.0035138461278263165
85,-0.0013883989102311464
86,0.0003991543969419191
87,-0.004185464923701757
88,-0.0021797176086955153
89,-0.006363167841465192
90,-0.006059323553189659
91,0.0010628377022123894
92,-0.014720519967599537
93,0.001611926634776755
94,0.015079470487005468
95,0.0010291514723932242
96,-0.004463559866095895
97,-0.0020508995614679296
98,0.0016686225750191415
99,0.02334418754991916
100,0.017664330178041796
101,0.004986210243991696
102,0.03348395441433098
103,0.006456525158326523
104,-0.006865815925705815
105,-0.005747461777590383
106,0.0021855625835543145
107,0.017880256741155162
108,0.007169195859943106
109,0.011035015442857711
110,-0.0015667946504189408
111,-0.004097080953704379
112,0.008634246783872958
113,-0.0016717497458346164
114,-0.001368238130367027
115,-0.0037322789658596756
116,0.025001744922441185
117,0.0021519405281927168
118,-0.007172082905767617
119,-0.001938355065593065
120,0.028600961865437813
121,-0.0035857731267944573
122,0.001564351281459795
123,0.09935227269986567
124,-0.000609482352703361
125,0.016995977566725624
126,0.00043709419087734763
127,0.006248869145716155
128,0.008036697222045319
129,0.011111215553758123
130,-0.009829475754290336
131,-0.00501717825409697
132,0.0019840156453930814
133,-0.0002477019408002219
134,0.001396943811203262
135,-0.0035895678099255902
136,-0.0006030938285140966
137,0.00017644949851858271
138,-0.004801319107931107
139,-0.0064827131917309586
140,-0.002885439127382136
141,0.00658096944563975
142,0.0030534929541851004
143,0.003113755579927425
144,0.010606699868591734
145,0.0009211670364139696
146,-0.006468887264508526
147,0.0009062012729759358
148,0.004605212606997491
149,0.013686027779109301
150,-0.008968851619635586
151,-0.0035324411636239485
152,0.007368203725562787
153,0.0042069050266019745
154,0.0017287745110912273
155,-0.008927813428363171
156,0.018942563394868155
157,-0.0022663387122922422
158,0.01836478075098407
159,-0.00854540708508178
160,0.002115819049553245
161,-0.006169261744601751
162,0.0010553275552932229
163,-0.005456899274122684
164,-0.002285188266896006
165,0.016843865849174196
166,-0.019105811112949005
167,0.0007113977193790796
168,0.037200116458499854
169,-0.003698669156928673
170,-0.006141613463473403
171,-0.007887161678058058
172,-0.019652438075116727
173,0.00189182692786153
174,-0.01100884625751386
175,-0.011460976674772305
176,0.0009514660971677302
177,0.09094585985057749
178,-0.0010661683238260729
179,0.001767921033391854
180,0.00047834652200972813
181,0.0007541050616614274
182,0.001950221127065624
183,0.0045323831489624405
184,0.003143909199180922
185,0.008276140461387471
186,0.010745031463794505
187,-0.005334912079649597
188,-0.012044554192925522
189,-0.01123102540654225
190,-0.000745090870674231
191,-0.004693816697064156
192,0.05361637439725565
193,0.007036836703786194
194,-0.001350480976833348
195,-0.0052007793977997055
196,0.0067630843122294705
197,0.02314508035878339
198,-0.008420183093291914
199,0.005207694615008463
200,0.002566180198161603
201,-0.013439339942757048
202,-6.572374901340008e-05
203,-0.0016752450520390698
204,0.00322981769409382
205,-0.001254261975318395
206,0.002742118069548903
207,0.0008764582499816535
208,0.006933420350489248
209,-0.0011835897395596033
210,-0.005061765724889096
211,0.013021171307212273
212,0.0011954505282681105
213,0.0052508947164964966
214,-0.0014257118085847405
215,0.005959739399366934
216,0.002348753861890332
217,-0.0032889493321160354
218,-0.005578837317413973
219,0.0016701461473269189
220,0.007588464199458432
221,0.003306361635784856
222,0.005375245106788495
223,0.0013222630185955458
224,0.0060154891935031846
225,-0.004560774186075409
226,0.0634705091761584
227,0.0062589755246054216
228,-0.0024197516633245007
229,0.003492480367519972
230,0.004065260905271276
231,-0.014362058457396125
232,0.024160739023814833
233,0.04055138875668634
234,-0.003667213222540062
235,0.022477140234747478
236,0.010285649246639057
237,0.00021305625810627907
238,-0.003164631296732487
239,-0.0020062399503638917
240,-0.006885718160936818
241,0.005843553931756479
242,0.006398730709555066
243,-0.013073722215327314
244,-0.0021927036946553305
245,0.00526123164478523
246,-0.00857665994014574
247,-0.004632660570181621
248,0.0026471686899675363
249,-0.005738817930013518
250,0.006353500589831706
251,0.004688587465809163
252,0.0040350437600940765
253,-8.728908029368918e-05
254,-0.004615414754727997
255,0.004819075828610662
256,-0.010206609518542346
257,0.024050377939160577
258,-0.0055623331459041594
259,-0.007422195877289817
260,0.01844852263981662
261,0.0007678853295084997
262,0.004522738835562756
263,0.002213121384776171
264,0.0112220246438036
265,0.004146780321145745
266,-0.003967984159419846
267,-0.00479866770455082
268,-0.0012177176392253082
269,-0.0015524213104917937
270,0.014156599351489847
271,0.018855957973992542
272,-0.1431468655127835
273,0.00047304079833005233
274,0.011004140938756008
275,0.003739055278962771
276,0.024990053472410338
277,-0.012313884036978369
278,0.005938377876205794
279,-0.001609116835110936
280,0.0031569498880754075
281,-0.00023431158171607555
282,0.001110102775860166
283,-0.0017613494527736681
284,0.0015013741662988425
285,-0.0027872896709049966
286,-0.0036777730808086086
287,0.005237589547836971
288,0.005563309153822721
289,0.00783086136704212
290,0.002925597302801411
291,-0.0012704682248810897
292,0.007723250933690799
293,0.005171209221120451
294,-0.006909003376282495
295,0.0012269867994600912
296,0.0013484093011443508
297,0.0025191752310254056
298,0.0024050174909726815
299,0.004399234063717675
300,0.011204238308231345
301,-0.012364147198718027
302,0.006770328176892673
303,-0.005594332480473668
304,-0.0010920109360573749
305,0.005417974199420125
306,0.017358793986301153
307,-0.009471817002226865
308,-0.004767863720343719
309,0.004727861375216129
310,0.041678509479472575
311,0.02113316427950024
312,0.016611350575816995
313,-0.0004964539014960141
314,-0.0005246351152710729
315,0.005794284444927057
316,0.006513020984509035
317,0.0010605157526826989
318,-0.004281152790929693
319,-0.009231789612380192
320,-0.0016764273310949235
321,0.002626161928463523
322,-0.00047007599083336363
323,0.0001886706449050063
324,0.03563612213517307
325,-0.00342718925097487
326,-0.007733495050631797
327,0.002998488780726234
328,-0.0012127380534388763
329,-0.0019041824343404672
330,0.009034088918722979
331,-0.0025840480640808086
332,-0.03038255250129107
333,0.0075722212863613934
334,-0.0028554673655007377
335,0.005801116953797852
336,0.0002613466241959961
337,0.015969714218204947
338,0.009313673064855466
339,0.0026848847087911874
340,0.010814748213791373
341,-0.002033159576311637
342,0.00030064681541326285
343,0.006477509653734333
344,-0.010031554400029064
345,-0.0032084546023221396
346,-0.0001554822549151326
347,-0.01006036065944061
348,0.0033874079270808446
349,0.02396435946766022
350,-0.00242160463515511
351,0.0006820079979262053
352,0.010946107869291496
353,0.0010944282228168775
354,0.003597094347693279
355,-0.0009193698678789837
356,-0.0016241969492685644
357,-0.009011872412263859
358,-0.015163569998079864
359,-0.0021738129080144594
360,-0.003226431207078606
361,-0.0005053134874013314
362,-0.006300041429985442
363,-0.006559914442008055
364,0.012623849566917717
365,0.014747091544324594
366,0.011740253297777564
367,0.008220820200343603
368,-0.002715935826754199
369,0.01552717128141994
370,0.004560140353798821
371,0.001626084928512083
372,7.430105997895467e-05
373,0.0007618394710067165
374,-0.0030549273029195217
375,-0.0037467297336925137
376,-0.0032466089775789707
377,0.008201198046513862
378,0.007089659623424609
379,0.036094875437106114
380,-0.005920095343322211
381,-0.007088796023425235
382,0.00024340931794332096
383,6.223743625079908e-05
384,-0.005626918514708437
385,-0.002744071440929405
386,-0.015403965692941252
387,0.0014977398468637299
388,0.009800650092323712
389,-0.015014786614669776
390,0.0016127151845010644
391,-0.0025839751288676688
392,0.0021478960278563733
393,-0.004487602542482257
394,-0.004187574496379923
395,0.013215504862858867
396,0.006359262518188406
397,0.010174660178037337
398,-0.0043251161916584985
399,0.0047475061388479525
400,-0.012188787799076103
401,-0.011104109769941237
402,-0.00986885538314193
403,0.002530249154685707
404,-0.008559631661169215
405,0.005093138282860538
406,0.004092683608636096
407,-0.011027196933854115
408,-0.0026690638649037243
409,-0.004033415395838222
410,-0.0026100201022671507
411,0.0046282601838264145
412,0.04855487360076395
413,-0.007871742070116941
414,-0.00781883860268811
415,0.0003655021821061914
416,0.005260843285572997
417,-0.01171647089564646
418,0.017711094829692114
419,0.001509621012757898
420,0.011344537692647013
421,-0.002658320264058163
422,0.0007950566788831465
423,0.01205208407093743
424,-0.0010727683243200031
425,-0.00694319530459301
426,0.03497050036401585
427,0.01147273328609872
428,-0.009191060899520508
429,0.00237243244352418
430,-0.000504803568841812
431,-0.014898721091911149
432,0.0037257913172132687
433,-0.005362125104150572
434,-0.0012330795965630817
435,0.009633832523031308
436,0.06931872675918355
437,-0.0031427901390260436
438,0.00023920576890470308
439,-0.007457367556249345
440,0.005437534935864175
441,0.006426079175769459
442,-0.021206923576690156
443,0.006444775757491791
444,-0.0016931082030011112
445,0.008704108135835376
446,-0.006454055341513769
447,0.0017787489689423293
448,0.03366648783437732
449,0.0033746295787894197
450,-0.01247779399361959
451,-0.001497338474809689
452,0.0013152754863197391
453,-0.009676681076397887
454,-0.002764435821597591
455,-0.004283041040752708
456,0.011610633900133362
457,-0.0018632045434748487
458,0.009085720935638877
459,-0.0008286991899360135
460,-0.0009656310061523198
461,-0.00036944902834729065
462,-0.008684729969659064
463,-0.01142346429625124
464,-0.002126238090447822
465,-0.001491071727898391
466,-0.004641572045374673
467,0.005656594694258655
468,0.0051333922092631
469,-0.003781182799763711
470,-0.00821355385205233
471,0.0007706633598268363
472,-0.0026806701655760837
473,0.01814878025584966
474,0.000784440961658181
475,0.0055636244580472526
476,0.007618523156599739
477,-3.6442278487314184e-05
478,-0.0009585130665905328
479,0.014327835406417643
480,-0.0006449908006236349
481,0.008095194060010146
482,-0.0014877909575789633
483,-0.004064498954421139
484,-0.005102730622098997
485,0.0009239952367332549
486,0.09159187611730367
487,-0.006108523913861366
488,-0.00933339905925138
489,-0.0057949733034046574
490,-0.003693465037325285
491,-0.004179259797881481
492,0.003362488240583404
493,0.00470492482344257
494,-0.0063172232391976585
495,0.0005902212814469995
496,0.0008411638391721335
497,0.00401739817172117
498,0.0004370018676451391
499,0.0004387690750634887
500,0.0026605944277405917
501,-0.0032695991552435973
502,-0.005885410498982606
503,-0.006093086456313054
504,-8.139767374994167e-05
505,-0.010055048104168768
506,-0.001754298974435832
507,-0.0013117132261045196
508,0.032515721223626795
509,0.0032476084135684737
510,0.0019046907898815565
511,-0.0011799203500582577
512,0.004164492934248094
513,-0.0007269082460103632
514,-0.006429647799310975
515,-0.0058957233271004425
516,0.006761926954938831
517,0.003237673815219732
518,0.0045291611538485
519,-0.0010378172697676456
520,0.0032533158857127736
521,-0.008016828540175505
522,0.02081249958771465
523,-0.0049779298545450795
524,0.004241554273619441
525,0.0108361988441487
526,0.0034305713057171117
527,-0.0038249307608882108
528,0.005491794207937231
529,0.03415184971259508
530,-0.00119392526990807
531,-0.020870138297952784
532,-0.0030194366007528506
533,-0.006648768838492226
534,-0.010643389145987656
535,-0.0007854491711988126
536,0.0017071664696684773
537,-0.0010500409891412085
538,0.009109830849196879
539,-0.004532690397469986
540,-0.002879123799410639
541,-0.009253723863358987
542,-0.003920233511335407
543,0.005673486297574203
544,-4.561096636307438e-05
545,-0.00015132610174251396
546,0.00011731944822173865
547,0.011544928895406321
548,-0.004977273561048507
549,-0.0020145740457285545
550,-0.0015816216252903942
551,0.0022676694372013965
552,0.010506435587925127
553,-0.004701717109293738
554,-0.002270679693494905
555,0.0035658417580811813
556,-0.006179465213507825
557,0.01395492036703163
558,0.002736833104365871
559,-0.0041241656968132485
560,-0.0020522831058095367
561,-0.0028206452027944064
562,-0.00179495880024989
563,-0.0007271010277929667
564,0.0003296202714768645
565,0.004028769412747657
566,-0.003251903524411962
567,0.008008760158366386
568,-1.1502582538843592e-05
569,-0.010376019028605278
570,0.003033469859511549
571,0.0020045236102394087
572,-0.002749249066039957
573,-0.005511181097290943
574,-0.0042656003883588985
575,0.004920457653682292
576,0.01248757144144873
577,0.00386827475631216
578,0.006373443667168955
579,0.0003562297434113182
580,0.02490381491958231
581,0.002531385543040103
582,0.0006674106334573146
583,0.014608715178499121
584,-0.002626244841578352
585,-0.0028012001752587314
586,-0.009331550669387852
587,-0.005661908586515253
588,0.00025167937596064574
589,0.008403339907446017
590,-0.0016592101016091945
591,0.00010633252940991586
592,0.05581363816292252
593,-0.004836207758524325
594,0.039309414045748836
595,0.0009301845872143437
596,0.010639972070335946
597,0.002399050522922757
598,0.004581203081884248
599,-0.004141819020543915
600,9.20786055444156e-05
601,-0.003477593161241639
602,-0.005696765919698338
603,0.011734777303535077
604,-0.002800315020710334
605,0.009011831725610004
606,0.003989322260127007
607,0.006618344882927719
608,0.017972956862990316
609,-0.0011068611320937428
610,0.047076824896792296
611,-0.00271231698269854
612,-0.00819001253482051
613,-0.0007928165291214637
614,-0.0011235951789746873
615,0.013301598724111477
616,-0.008029440544724223
617,-0.009668753090470328
618,0.0536139449633411
619,-0.005979982140463969
620,-0.0006213743462759949
621,0.001247709073626018
622,-0.0015529759182812339
623,0.05911245405183839
624,-0.007993747361305995
625,0.004216891307394367
626,0.0010513430499251575
627,0.007366207793933377
628,-0.005513057925893378
629,0.0026688838851701494
630,-0.003845680159695459
631,0.011429362968737165
632,0.0016868224943457216
633,-0.0005487272344554886
634,-0.01887348608684107
635,0.0032899048475582074
636,-0.005114043419669992
637,-0.003318097905021619
638,-0.009022144582980972
639,0.014660256534445436
640,0.00858008094529063
641,-0.00010024728599158234
642,0.004599764262392496
643,0.010248804860031716
644,-0.0022584409211057373
645,-0.010783964637001618
646,0.03179403642889783
647,-0.002643690741510215
648,-0.0002195833122685606
649,0.021790584061103305
650,0.0005541698827158728
651,0.01208191032967267
652,0.0668042304699615
653,-0.002390280616447943
654,0.004857648694579622
655,-0.0009470726312772217
656,0.03935438231816732
657,0.004260330608673708
658,0.00798940062956218
659,-0.005115202596421762
660,0.00172391400704857
661,-0.0021354052580487663
662,-0.00644040239155199
663,-0.0031295433078007903
664,-0.002005075857802359
665,-0.002317288867946153
666,0.002914431635135127
667,0.010772565787653163
668,-0.001340971352269113
669,0.0009498239767033387
670,0.00029963457593554926
671,0.05784111566152342
672,-0.0003874909192818528
673,0.000532145218053285
674,-0.003609542521707941
675,0.12744257503525896
676,-0.0025157662148538595
677,0.024614445379118537
678,-0.00159501765982209
679,-0.010769811654565788
680,0.007691022484660186
681,0.02268218612112513
682,0.0010409107131716666
683,-0.0033022919546769613
684,-0.0041447875446483096
685,0.0032752584306550044
686,0.0025604979945932985
687,0.009600562312428878
688,-0.00019544408365605032
689,-0.0025830349398220306
690,0.004631205953173734
691,-0.000919115791771348
692,-0.0004946589220492861
693,0.01761788945552118
694,-0.0006128339896987953
695,-0.00018558788175201263
696,-0.003648390595577082
697,-0.007016610844203387
698,0.0014474618246540782
699,0.02163772119498963
700,-0.00990100230098065
701,0.021580493720459802
702,-0.006279552420169525
703,0.0071195326858283815
704,-0.008730567974869735
705,0.017975599653294434
706,-0.00432084228073306
707,0.004877762335910179
708,-0.007159407923245972
709,-0.003950801296278214
710,-0.017917302767629838
711,-0.005804308035582725
712,0.004347979543173647
713,-0.0005985395706035734
714,-0.00402623838604433
715,0.014599415958067082
716,0.006475357636166183
717,0.0003561447638378186
718,0.039144116762201205
719,-0.00306853272556009
720,-0.004289835945080863
721,0.0006381203838846904
722,-0.005798746145103291
723,-0.0010967821959670943
724,-0.010968857531071255
725,-0.0013052233712956655
726,0.007188463081191639
727,0.055075810360326216
728,0.005710577222043083
729,-0.003101484496108104
730,0.0018075932822855002
731,0.003229013077418845
732,0.002913220453072813
733,0.003780063415613568
734,-0.00199594603978049
735,0.0023478667083786063
736,-6.128464774769402e-05
737,-0.005849187391639442
738,0.06776298168605609
739,-0.0022047056468370192
740,-0.002256277444059089
741,-0.004693485031936839
742,-0.007825608230824663
743,-0.01307278194645927
744,-0.005022821986671019
745,0.025104487398922484
746,-0.0021728281141135397
747,0.004094354823936001
748,0.00015491831399826878
749,-0.003125692347887416
750,0.017318681400639413
751,0.003369854484732926
752,-0.008643641565387973
753,-0.02009647509167623
754,-0.00022068291951353458
755,0.0005409803518830122
756,0.0023353806665847715
757,-0.0006796216498861953
758,-0.001598984418284672
759,0.0031132708128103065
760,0.0015743304820094936
761,0.009427919778927818
762,0.02035611178478588
763,-0.0016131337754076644
764,0.0021223860162543386
765,-0.0029673901737961826
766,-0.0013317938238213943
767,-0.016420467541994943
768,0.0028342991799304718
769,0.038155858953090566
770,0.007026368290037364
771,0.0055163374461400586
772,-0.00040651192279177184
773,0.05731169605690529
774,0.00433854209131166
775,-0.0002568835662611277
776,0.0022222204711562256
777,0.0038171065742563723
778,0.00799165848989749
779,-0.006931980479495205
780,0.02211499442049889
781,0.019334379103584504
782,0.0008418742965489133
783,-0.012665662270831733
784,-0.0054383810674746985
785,-0.0008831464792837425
786,0.0016772289036009295
787,0.00718173549359543
788,-0.008250391920511274
789,0.004357201681925684
790,-0.0010901434772704402
791,-0.004516241908939695
792,-0.0011947189472148317
793,0.011377181224383689
794,0.00894044871212184
795,0.0028105886666016447
796,0.002520317471498775
797,0.004579067741810359
798,-0.00968363613450137
799,-0.00495909404669902
800,0.00591022010598791
801,-0.0017624066488179414
802,0.002531149773079805
803,0.0022040119270071816
804,-0.0009492295360250813
805,0.0048736690359701615
806,-0.007543354793139882
807,-0.004607580128006366
808,-0.0018670379004628382
809,-0.0006119534310162177
810,-0.003272271078308301
811,0.0010785673810774464
812,-0.004244294301070331
813,0.004249134359979898
814,0.0190439367952667
815,-0.006297075448619863
816,-0.009648470692076284
817,-0.0013948226658940174
818,0.003507406233679719
819,0.006146553271029143
820,-0.004203650435493245
821,0.010075321826527886
822,0.015336993879809982
823,0.005219206806174829
824,0.0012288398458323337
825,-0.0009940712594044554
826,-0.0143035297970718
827,0.0002675590867669067
828,0.006018627669290781
829,0.001872541967835352
830,-0.005835533801858077
831,0.004960836247166055
832,0.013847065938270627
833,0.004797686293277918
834,0.0029164368291987354
835,0.006509819160145456
836,-0.0014853362885267306
837,-0.0007220421119837374
838,-0.0010603778656119306
839,8.711178504566472e-05
840,0.01126461889981301
841,0.008429751403278903
842,0.002506501396875676
843,0.0035833220300067747
844,0.00673101399463559
845,0.008126908463874732
846,-0.007137327445493155
847,-0.008539558965290836
848,0.0004861788624389088
849,0.023923527067990093
850,-0.0029174874426343873
851,0.0020897331465738883
852,0.008185294618745616
853,-0.003556462746599629
854,0.0031769593109228084
855,-0.004910574354127558
856,-0.010496234985656862
857,0.008103880101139768
858,0.010289124300214038
859,-0.010354483704833453
860,9.697045982037106e-06
861,0.0031353142917184343
862,0.008766688823495645
863,-0.006198246034514285
864,-0.0015609674855316391
865,-0.004042839047714103
866,0.006365627104147273
867,0.02109375672662461
868,-0.0034517999690163795
869,-0.0009224190742978568
870,-0.007354934019527873
871,0.004662114539655059
872,0.015269861179085374
873,0.004483286945353944
874,0.008451779226822463
875,-0.0008837527116665744
876,-0.0011977407117918018
877,-0.005278687716884452
878,0.0181023355691389
879,0.0025264026373380474
880,-0.003542823872744724
881,0.001004438237217655
882,-0.008029755269103586
883,0.0025779833544641133
884,-0.003532691073470269
885,0.030380891457614828
886,0.007241181473322457
887,0.002188322091625561
888,-0.0018811201875927296
889,0.0007253435773480373
890,0.0002968231922185413
891,-0.017158639956544666
892,-0.003580413540900343
893,-0.004186362446602462
894,-0.00223503800271321
895,0.00145761034465227
896,0.005098937389931536
897,-0.0019448114941214463
898,-0.0005315299519010018
899,0.008577097503865982
900,0.004152225625620239
901,0.007184046655674781
902,0.030074252911362776
903,0.02947631107398662
904,-0.0017763250411786044
905,-0.0033041895273732518
906,0.0016882722578052366
907,-0.0022279310913844406
908,0.0004114057679872399
909,-0.0037485162518746257
910,0.0007353421062581827
911,-0.011645959406242024
912,-0.021196360267968714
913,-0.0043438204184378555
914,-0.008168910818633385
915,0.02157946675848489
916,-0.01033669553169577
917,0.03581826405231607
918,-0.007219937900959698
919,0.025202638413956802
920,0.000918958279394453
921,0.0016943427195829433
922,-0.0013285789143385428
923,-0.005839311189220556
924,-0.0058523123060395255
925,-0.00017417286277405727
926,-0.003513508726211371
927,-0.000945593784352352
928,-0.0004039609623447543
929,-0.0022399452854217176
930,0.001041656965754735
931,0.0003682277274464525
932,0.003663957704435547
933,0.00013765130844795373
934,0.007903830116819693
935,0.0019702719390038564
936,-0.006430884129136082
937,-0.016050752215180347
938,-0.0021438883533026754
939,0.00425583294011497
940,0.001974687934354652
941,0.0031936639569656936
942,2.1972334624809076e-05
943,0.00011435055011170536
944,-0.007278937691473003
945,-0.0017982622677853513
946,-0.007231342599011328
947,-0.0017288238257223143
948,-0.0027655131840127745
949,0.05588566774998663
950,0.002209561808080015
951,0.001803172587001023
952,-0.012649659894897275
953,0.004496832407827597
954,0.0061977315763519746
955,0.009553265450055384
956,0.02657383974952122
957,0.013651624287079191
958,0.0038427091430513656
959,-0.00015654735257004948
960,0.0031000235894891592
961,0.03990393979318488
962,0.0057132629145310795
963,0.0025507750446931814
964,-0.0012651112395448035
965,0.04028497205202056
966,0.0017697271261355244
967,0.00873536938917863
968,-0.001021301563167036
969,0.002785089485394611
970,-0.009720199231017017
971,-0.0037922143785464706
972,0.0010056721753067127
973,-0.002387238026157503
974,0.0560574397218071
975,0.002711161336196713
976,0.006737477436816405
977,0.007760198889196133
978,-0.018821876302364565
979,-0.00022518524560952852
980,-0.003164672482037594
981,-8.051112241988512e-06
982,-0.00730135620194558
983,0.02138665205940036
984,-0.0060076493443165235
985,0.005331393008545477
986,-0.003588995250722038
987,-0.0008785329588118368
988,0.0031487903188825127
989,0.0004961312004409975
990,0.003708786622286596
991,0.00307577589705018
992,-0.0037267655690152723
993,0.000874846683469474
994,0.022172691324071236
995,0.001317998568983042
996,-0.0024193332276060964
997,-0.0005678074738366332
998,0.006319457657834128
999,0.008784878746324457
1000,0.030416173307824604
1001,-0.004174466496395485
1002,0.003819037900041719
1003,-0.0004522901513245997
1004,0.00043678489647232255
1005,0.01547417321541147
1006,-0.0029958534304312667
1007,-0.0054848095576617364
1008,3.078395831800432e-05
1009,0.004310189526297789
1010,-0.006904010219392631
1011,0.9401648657402896
1012,0.010272209399313975
1013,0.005709993178575991
1014,-0.015481935726116787
1015,-0.0005741216837609961
1016,-0.002896328596257273
1017,-0.003018991854353229
1018,-0.0018316929669969333
1019,-0.0068685046400687455
1020,-0.008316141545771018
1021,-0.005680328278030555
1022,0.01380897231185535
1023,0.0007948493708792234
1024,-0.002590127534921615
1025,-0.005346652851062471
1026,-0.009927812464914601
1027,0.0011046613181805512
1028,-0.0028692949896872884
1029,-0.007786873687595362
1030,-0.0005503344171311382
1031,-0.0075418739956061645
1032,-0.0020893762508778016
1033,0.030691443043425103
1034,-0.002941295909434618
1035,-0.0050883024817888825
1036,0.0018124180750241914
1037,-0.004010465465649912
1038,0.0023624817674386643
1039,0.008206498690370413
1040,0.0014915389593609663
1041,-0.006902006104607478
1042,0.0037914644132328104
1043,-0.004674446758886178
1044,0.008014756304613329
1045,0.015072937650344483
1046,0.007276934694965081
1047,0.016598425819583536
1048,0.0010920678006228202
1049,0.00241764896517771
1050,0.005454782967401452
1051,0.004299336673487905
1052,-0.005265435012218843
1053,0.041959789904333814
1054,0.0025859985657589735
1055,0.004395415762713822
1056,-0.003889331751874354
1057,-0.009285578947345413
1058,0.006900263193738473
1059,0.0013198895379777295
1060,0.0026135186142841153
1061,-0.0030919545754464067
1062,0.0031311754345080406
1063,-0.010416326614692308
1064,0.00448507381576254
1065,0.00046421560139856335
1066,0.009764906193137367
1067,-0.016425632909946385
1068,-0.003630957173969166
1069,-0.000678115448293274
1070,0.01272326874122691
1071,0.0020182487060483936
1072,0.002423335641983604
1073,-0.0025237406232019866
1074,0.0035770463160226286
1075,0.004813167716607607
1076,-0.009416226335961717
1077,-0.00509330994224454
1078,0.00890110223009619
1079,-0.0004894837470035655
1080,0.027038755953446077
1081,0.0009517028618275976
1082,-0.012667146316943087
1083,-0.005136985967412681
1084,0.003161913952878039
1085,0.0004510153177862408
1086,-0.004247159885763057
1087,0.0007298734665258481
1088,-0.007406117402475577
1089,-0.002711329684743583
1090,0.001073461672871208
1091,0.0014200061852243026
1092,-0.0012404623910826362
1093,0.00013373113275173473
1094,5.598707354045884e-05
1095,0.00865915981298749
1096,-0.00020403533294138798
1097,0.0033952414637034474
1098,0.008066309941770267
1099,-0.00899779635875371
1100,0.011746612178426843
1101,0.010158970290613287
1102,0.0021933777589438173
1103,0.00035237579453687926
1104,0.006797036099204776
1105,0.0019009013217966483
1106,0.00911166787972651
1107,-0.009815220744562252
1108,0.000988450523730089
1109,0.0034343251266445475
1110,-0.0007073894118186756
1111,0.0030496921476180078
1112,0.006185503735806085
1113,-0.006665575200849705
1114,-0.01004682026252876
1115,-0.01065110050728059
1116,0.0030406027258078963
1117,-0.012897505447810716
1118,0.003662953415967233
1119,0.021996917449433693
1120,-0.004610975758971413
1121,0.04583870661363826
1122,0.002664748851989307
1123,0.00941371469803166
1124,-0.003342094158077874
1125,-0.006388484846590735
1126,0.019161993529916512
1127,0.0075673371068631055
1128,-0.0035327712166690513
1129,0.005739982168382347
1130,0.023589746431291175
1131,0.010036775130050437
1132,0.08575017981694834
1133,-0.010958256877188412
1134,-0.0030958183157078836
1135,-0.007746019855842869
1136,-0.0032810006902625824
1137,0.009213640672575307
1138,0.017880513010518767
1139,0.0014945526288646996
1140,-0.002306702487281015
1141,0.0009265592552474416
1142,0.0038815013518928264
1143,-0.0009363372729684419
1144,0.039355644408071745
1145,-0.006181645266954826
1146,0.001694962778490048
1147,-0.001956686258491179
1148,-0.00016258329364255558
1149,0.0033706913920954797
1150,0.0012215110915677306
1151,-0.0071236451911581705
1152,-0.01666206051022783
1153,0.00032227025678517596
1154,0.002371563453205737
1155,-0.004489558404857742
1156,-0.009012946093213126
1157,0.009676878502677254
1158,0.01713299407416598
1159,-2.4134639754515297e-06
1160,-0.0030883290975801496
1161,-0.0022633194959281004
1162,0.006168266301537457
1163,-0.00605710993555033
1164,-0.002128082840329445
1165,0.0020078320904457284
1166,0.019952448792606485
1167,-0.004492364432258533
1168,-0.017174898336569225
1169,0.002070811408619748
1170,0.0050933870324712735
1171,0.03023245445171006
1172,-0.0024526598461733357
1173,0.004845325792285627
1174,0.013301335999501469
1175,0.03226693802175859
1176,0.002291907355411321
1177,-0.0010793707605276856
1178,-0.007754713973039756
1179,0.014117538747820055
1180,-0.009103003456710522
1181,-0.002732677266644959
1182,-0.002000269523295836
1183,0.00861770973289161
1184,-0.003913252588017207
1185,0.005059432241009319
1186,0.0038030424265366528
1187,0.0027581382910953287
1188,0.0008043080618128119
1189,0.003083511453214116
1190,-0.00022016477259773418
1191,-0.0003529135294542511
1192,-0.014867010313713964
1193,0.0017665194881411814
1194,0.0024188121075946964
1195,-0.006072306203366441
1196,0.0026918834539129202
1197,0.1048609871705851
1198,-0.003920698901792717
1199,0.006188295261009502
1200,0.01599429504033195
1201,-0.016899168174118545
1202,0.0006864759664623014
1203,0.00497228548890441
1204,0.002274944188034707
1205,0.006263581111533599
1206,0.0061088154350705005
1207,0.0013270064393902728
1208,0.008214985363148502
1209,0.010287076731774578
1210,0.0009306377440113506
1211,8.754392813739922e-05
1212,-0.00297380831892613
1213,0.004464894804331394
1214,0.0022348314749394
1215,-0.004811422758107673
1216,-0.0005546886136777764
1217,0.019277412236208387
1218,0.007434683167730674
1219,-0.0021701606439307325
1220,0.0017241767016908868
1221,-0.006736078722789723
1222,0.009459192676220238
1223,-0.000771044793284624
1224,0.00263069496879104
1225,-0.0007264635411056153
1226,-0.011575935387288044
1227,0.004808926580184711
1228,-0.002034463569423623
1229,-0.007007507172318558
1230,0.008573455580337213
1231,0.007883822633458333
1232,-0.005268463441463506
1233,-0.01672837542181399
1234,-0.0014638886739689189
1235,0.0056291797622752965
1236,-0.009376934797676678
1237,0.0035040720879096973
1238,0.007906821177786669
1239,0.030246359243461966
1240,0.010853463621944351
1241,-0.0035025942620727224
1242,-0.004625648298038538
1243,-0.003217227007054513
1244,0.006959591139045443
1245,0.005984834870064338
1246,-0.004099065824960807
1247,-0.001854202384938896
1248,0.00024528605940305967
1249,0.06496920277404858
1250,0.004279996291124324
1251,-2.27421631776685e-05
1252,0.0015408643887527898
1253,0.0012176488836257889
1254,0.0007154025361344497
1255,-0.0007881927926569436
1256,-0.0005381471652319073
1257,0.0009632893111482278
1258,0.0020414809286377553
1259,-0.004376992478384325
1260,0.05613146673333504
1261,0.0012298200105392426
1262,-0.0008451482194618068
1263,0.00022881462045455311
1264,0.01829994499219109
1265,-0.008465991525568088
1266,-0.0012139699183578954
1267,0.00011785007690728183
1268,-0.00228621610197419
1269,0.006791071869199243
1270,0.0003136093868930899
1271,0.0002531055854871657
1272,0.0008601477167829025
1273,-0.001209181079307571
1274,-0.005943759332441553
1275,0.00013832334022175624
1276,0.00019599402027683718
1277,-0.005098033904784475
1278,0.0003190706240589272
1279,0.0022187129438487295
1280,-0.0006626281607759084
1281,0.0009941192491474508
1282,-0.00540265582998882
1283,-0.0023802061128686373
1284,0.029224903088937687
1285,0.0022251415563557045
1286,-0.007772381813283907
1287,0.00041948667309241877
1288,0.006212375718651381
1289,-0.003866137519966187
1290,-0.0025060691724090693
1291,0.0021127292317844257
1292,0.0474663846967209
1293,-0.0021938917754543014
1294,0.0018385096956497135
1295,0.06558496958007642
1296,-0.0010302053659557893
1297,-0.000820132805083057
1298,0.0005695637657677118
1299,-0.0033822166231226823
1300,0.03250953660026774
1301,0.033141093697403784
1302,0.00042623690395594827
1303,-0.0013760330000789738
1304,-0.003190174927458208
1305,0.025028360182166018
1306,0.0015841552543811865
1307,-0.008704522815890417
1308,0.0018754996008338125
1309,0.0029583407922914445
1310,0.0038629449092635257
1311,0.004747264217530658
1312,-0.003635409190836613
1313,-0.00189514347611916
1314,-0.0015050877364805523
1315,9.676864424533124e-05
1316,0.0028965492630127487
1317,-0.005224345824164797
1318,-0.011466681005309079
1319,-0.004683443704735637
1320,-0.010057334753301707
1321,0.0005555031720514414
1322,0.003013938027941032
1323,-0.0012071468547055972
1324,0.002838202116186437
1325,0.002771415684886803
1326,-0.004296899567796698
1327,-0.004129458551888118
1328,-0.003799703474324862
1329,-0.0007821615672327156
1330,-0.0033861446244374746
1331,-0.0002460637858265301
1332,0.005411519019907406
1333,0.004764899471397556
1334,0.03074346646139995
1335,-0.0016424916970210687
1336,-0.00865294281787636
1337,-0.002503079516094568
1338,0.0025009610477099223
1339,-0.0027770894286680524
1340,0.00032829980679497175
1341,0.022178005653234075
1342,-0.004400899620203177
1343,-0.0009347031475606012
1344,0.0013076894818707246
1345,0.004614966306294835
1346,-0.006796272047769038
1347,0.013633208850501219
1348,0.0048014407881195355
1349,0.0032018585213967297
1350,-0.0006856554404878479
1351,-0.003546501371800303
1352,0.0002830019761233121
1353,0.0035912709234834153
1354,-0.008104873479047169
1355,0.005111991614444325
1356,0.00798565308910918
1357,0.0019484268630456103
1358,0.00014004009375516435
1359,-0.002548942638512207
1360,-0.0012101828059579885
1361,0.0068478537574171265
1362,0.007999672280640423
1363,0.0011876396390674004
1364,-0.007039953354226608
1365,0.0021680007199140518
1366,0.0024686118081666056
1367,0.010782323296352463
1368,0.006893352392575561
1369,0.002114876723961493
1370,-0.006049969808709484
1371,-0.007918184395857904
1372,-0.0019295203562362633
1373,-0.0017726848042939648
1374,0.002955225885665401
1375,0.0008006532229315952
1376,-0.00026753057915373385
1377,0.005737280376920291
1378,-0.00035225644880505433
1379,-0.004375199570356293
1380,0.0026667949081207037
1381,0.006082979899175368
1382,0.00916790396897385
1383,-0.0016837164986496476
1384,-0.009805877723189728
1385,0.0005051159385310762
1386,0.0010005654063622547
1387,-0.006065325784173889
1388,0.003531079748568436
1389,-0.006565697546358142
1390,-0.004816758688085565
1391,-0.001837217314564217
1392,0.0016819425328235132
1393,0.0007236061954456231
1394,0.028712086960051883
1395,-0.0030147661742235786
1396,-0.006222984480080684
1397,-0.00398714308502672
1398,0.003320518498196874
1399,0.0035013872196519684
1400,0.012697008766923664
1401,0.007098472522953668
1402,0.006189549219068422
1403,0.0011816009153694865
1404,-0.011887901454917499
1405,0.002192804160873082
1406,0.005367885417268372
1407,-0.009042903285297263
1408,0.0015000748650815451
1409,0.01575470151699105
1410,-0.0003203905471545407
1411,0.010343190208158742
1412,-0.0006399577995786776
1413,-0.012468486377444528
1414,0.017713806173632916
1415,0.006623581506959207
1416,-0.008622529957473007
1417,0.009589061880870598
1418,-0.0036642474096868632
1419,-0.007983339255780243
1420,-0.007107366628913467
1421,-0.0008282855430333629
1422,0.003302123148347512
1423,-0.01218290451634818
1424,-0.004056615988108268
1425,-0.0012661519573655654
1426,0.006302895234625287
1427,0.0047844957256993614
1428,0.0010154209871505344
1429,0.005859287485043364
1430,0.0037186651208521576
1431,0.002641912721093806
1432,0.00955561032395321
1433,0.02397221310540634
1434,0.029265162356990778
1435,0.0009069010296571187
1436,0.00036350287606609286
1437,0.004356745674700249
1438,-0.005302136365780752
1439,-0.0037289856786204972
1440,0.013657743452616165
1441,-0.002458801775555651
1442,-0.003877789084737189
1443,-0.003980057233979033
1444,-0.006992347800269021
1445,0.003390574932632215
1446,-0.004172199975762007
1447,0.017428322475746695
1448,0.005262199959021094
1449,0.02350022214427937
1450,-0.0081493335707222
1451,0.0003931138308538515
1452,0.005231980293151518
1453,-0.0028577831851240125
1454,-0.008711607819648165
1455,0.001331572101877069
1456,0.004403650462796838
1457,-0.013813309534356735
1458,-0.0014900395748844962
1459,0.005062853602945436
1460,-0.003448299318532567
1461,0.007972127290563989
1462,0.02851806077338363
1463,-0.0008727300846754597
1464,-0.00529609730135637
1465,0.0033364545898017448
1466,-0.008296891291206462
1467,0.005007916168545332
1468,0.0006753207706780354
1469,7.674643461345887e-06
1470,-0.00896871783511543
1471,-0.004904828683844922
1472,-0.004344043508883535
1473,-0.007123753411737259
1474,-0.00309951366564052
1475,0.039547316936015604
1476,-0.003875880007902798
1477,0.0003636046163706594
1478,-0.014995680353690054
1479,1.5253502623817361e-05
1480,0.003297030995066237
1481,-0.002910469223559177
1482,0.002597645213430134
1483,0.018538565264804602
1484,-0.0005219704951641042
1485,0.0018135080307136939
1486,0.010554444644377273
1487,-0.0015679032398771345
1488,0.0030849842726225415
1489,0.017328058721318422
1490,-0.004276261934492754
1491,0.004821868581719534
1492,0.0010257484509351225
1493,0.02321174868001778
1494,-0.005680944959618531
1495,0.0026111326803304816
1496,-0.00018462841001744626
1497,0.0020890124615468852
1498,-0.0009574651058147712
1499,-0.004728680301948285
1500,0.0016137345051083947
1501,0.007844162839340717
1502,-0.000355214842572716
1503,0.005928608607801471
1504,0.026399644374918887
1505,-0.0007358707719038043
1506,0.007608390046080271
1507,0.017122991464158136
1508,0.0023045461038930792
1509,-0.00236271545842303
1510,-0.0016587020310652768
1511,-0.009735926774197025
1512,0.01580483770266923
1513,-0.002813245564518483
1514,0.0055718809590493065
1515,0.006153724582359417
1516,0.007647427588848121
1517,0.0021225047579616074
1518,-0.002717358741713423
1519,0.017075953109294266
1520,0.00840886650716013
1521,0.005030864733602702
1522,-0.004881954659948909
1523,0.06039909654767491
1524,-0.0003454648684594504
1525,-0.009259003826994738
1526,0.003768947419863701
1527,0.012398907432297152
1528,-0.0003264113407100422
1529,0.012381527129294922
1530,-0.004477200153225069
1531,0.02900537912131892
1532,-0.010134671103231983
1533,-0.0009361157033755396
1534,0.00173823958375895
1535,0.0013356450801431385
1536,0.008223640026285818
1537,5.848884786382319e-05
1538,0.01511486348220048
1539,0.07261058166655802
1540,-0.0025195043214600588
1541,0.000962753749509479
1542,-0.005011901931147068
1543,0.00021839542721996744
1544,0.0022729169374783934
1545,-0.0001116105370075858
1546,-0.011664114369179357
1547,-0.003124827879325026
1548,-0.007052341125330097
1549,0.00710934215805465
1550,0.0018830554451070847
1551,-0.021687358991252736
1552,-0.008852595095363125
1553,0.015818147774884102
1554,0.012141818125294345
1555,0.0016960627109513966
1556,0.0016867704515098753
1557,0.004686711107357654
1558,-0.00396163839698619
1559,-0.00991541538235171
1560,0.0016770750819053368
1561,0.004441145311099532
1562,-0.009729466661059928
1563,-0.0037266685872908573
1564,-0.0013621642748206653
1565,0.027925666368933365
1566,-0.0008214287416951141
1567,-0.0015545632357896848
1568,-0.0023168807419189155
1569,0.00014088902209431764
1570,-0.0063288292299174195
1571,0.00360328828085121
1572,0.00603095347024361
1573,-0.006518804440311263
1574,-0.0009450822819622069
1575,-0.0074731373137053025
1576,-0.0008791369910537382
1577,-0.007558463374613501
1578,0.0017282517507034786
1579,0.007356274362713331
1580,0.0069941851549909125
1581,4.016130899783116e-06
1582,-0.012934193837474094
1583,-0.007693983008528964
1584,-0.0008483438176977963
1585,0.018243858337895106
1586,0.008524407628431766
1587,0.01225426665230458
1588,-0.008526859444912008
1589,0.004984935495322744
1590,0.002379258937878735
1591,-0.0038841011391992225
1592,0.006651910386060788
1593,0.007089062807997825
1594,0.004775707281723107
1595,-0.009166985379283302
1596,0.007678221481243946
1597,-0.0041165044915161195
1598,-0.016989774829360746
1599,-0.00031079364960358985
1600,-0.0012268292118520555
1601,0.020262247814027967
1602,-0.006367980184621258
1603,-0.004833075725111158
1604,-0.0014214812002791809
1605,0.009196330446588463
1606,0.02012806350682834
1607,-0.007438761781787297
1608,-0.0033351197605180696
1609,-0.0041835587673636175
1610,0.006260491148955459
1611,0.028741056959575163
1612,0.004561928614446778
1613,0.005142425083586984
1614,-0.005945600008903512
1615,-0.005081888101828101
1616,0.0007508151298805804
1617,0.0014611011157619341
1618,0.0068816760412232295
1619,0.0045705682645044675
1620,0.002037698551441359
1621,-0.0018893536760679966
1622,-0.007019457931449716
1623,0.001086156032440569
1624,-0.00034377329792085326
1625,-0.0015464674326053501
1626,0.0024984918182306276
1627,-0.007326521469353482
1628,-0.0014197907998457389
1629,0.016836008072470324
1630,7.184129766716826e-05
1631,0.00065310230076282
1632,0.012343847409383768
1633,0.016175723122250518
1634,-0.0008416726965371872
1635,0.0017775486629993398
1636,0.0035496094715738967
1637,0.008944078059478208
1638,-0.004350684755531166
1639,-0.0022012970095248857
1640,0.0024194774501208986
1641,-0.0026973970537060264
1642,-0.006695758482365005
1643,0.07176716159742566
1644,0.0010653895628887078
1645,0.010011209492708447
1646,-0.0021190775588515176
1647,0.0006927229811486933
1648,-0.0076516269246222
1649,0.001235963144132983
1650,-0.005140407082169084
1651,0.014891818180746978
1652,0.0005753928604593783
1653,0.0025203165113465258
1654,-0.00031224174004195956
1655,0.0057010733500548055
1656,0.0021982240186731727
1657,0.07236772952614019
1658,-0.008482430316198802
1659,-0.006364962361106202
1660,0.0030772469758360323
1661,-0.0057712793442422985
1662,-0.007148320611795045
1663,0.0006872666166597569
1664,0.004667891714243498
1665,-0.0003386180299454235
1666,0.0056490941470722505
1667,0.038357535783644044
1668,-0.0018552131028932994
1669,-0.0011500255122452799
1670,0.0024307588348111836
1671,-0.0025749276117411797
1672,-0.003833326419369263
1673,0.05002515553675365
1674,-0.008470373458954641
1675,0.002249326020904656
1676,0.0005136901126432114
1677,0.004014372286898056
1678,0.00927918578873127
1679,1.892113673379256e-05
1680,-0.0005991762016175871
1681,0.002794861775218576
1682,-0.005164792897560604
1683,-0.00973048295134702
1684,0.003200890188663111
1685,-0.0015042105514438825
1686,-0.0011746002640226974
1687,0.004070827164933233
1688,0.0033756025763499
1689,0.017121134759992725
1690,-0.008459188539282347
1691,0.0026653374471356933
1692,0.00861333198691372
1693,-0.004338785751219588
1694,-0.004256086720863375
1695,0.007234342799025073
1696,0.00717255510494719
1697,-0.0009840058939756917
1698,-0.006075529551062629
1699,-0.0003129394238107902
1700,-5.121799058149454e-05
1701,0.034959653465779006
1702,-0.004031454855565171
1703,0.0008849854838751635
1704,0.023844763359580863
1705,-0.0016094141619343513
1706,-0.008682177656969062
1707,0.03357002722635088
1708,-2.881565620467888e-05
1709,0.0005475737040931961
1710,0.00426276940883713
1711,0.005984607563360181
1712,0.008452700335260223
1713,-0.0006739651190188801
1714,0.014216824665528566
1715,-0.002974141021107022
1716,0.0010626041012335163
1717,-0.004949476473575486
1718,-0.0010936291307818008
1719,0.00041999592528181237
1720,0.0023582635103410257
1721,-0.01263715349101744
1722,-0.006828501149445963
1723,0.0013342387921964662
1724,0.0005714437613547584
1725,0.0033824548143596145
1726,-0.001521478475080093
1727,0.005896816118619634
1728,0.05169975940914512
1729,-0.009650119301140653
1730,-0.006165675327830189
1731,0.014164788050937965
1732,-0.019509373287510165
1733,0.0023393577760765956
1734,-0.0020381697975588274
1735,0.015361508953173678
1736,0.0016018603523530982
1737,0.0033813963909443273
1738,0.004364006509258327
1739,-0.012893849325844225
1740,0.005656138763867634
1741,0.0012416934871694735
1742,0.006730882844434145
1743,-0.004071927569259469
1744,-0.00020227127274063256
1745,0.0019550535130613764
1746,0.006487122138875201
1747,-0.00831726698821185
1748,-0.00938661138123277
1749,0.0017403540233903447
1750,0.0013937790396322224
1751,-0.007775036172123342
1752,0.01165040489687591
1753,-0.009089381351972271
1754,0.0007778877391954563
1755,0.0014004044717110427
1756,-0.008382665434148395
1757,-0.0037531065523515802
1758,0.0034244002419121164
1759,-0.009101611313574197
1760,0.006344113475386954
1761,-0.00046490701897453773
1762,-0.00324517350536474
1763,-0.0016908162618666303
1764,-0.00024084977223754606
1765,0.0026637152114176547
1766,-0.0018586737442878934
1767,-0.007158119678482067
1768,-0.00014236773206312975
1769,0.017926027503299316
1770,0.020612822728202054
1771,0.023706541513135483
1772,-0.0034819714507518425
1773,0.002597633649842227
1774,0.000861856219439832
1775,-0.0002556507427776064
1776,-0.0018027161305370597
1777,0.001131312758182474
1778,-0.001413305373466317
1779,0.04586267774002996
1780,-0.0029742159912533733
1781,-0.004361521890467922
1782,0.0008325788135539192
1783,0.0003420323600034497
1784,0.0015188024194614895
1785,0.00010738205799791165
1786,-0.0031071523893563165
1787,-0.006219455182307723
1788,-0.0027943217652684413
1789,-0.006124776455115839
1790,0.08344444485898969
1791,0.002694029864690386
1792,-0.01015345626785099
1793,0.0024020581368083133
1794,0.006395778943548883
1795,0.004044545756411257
1796,0.007500307197855896
1797,-0.0037030737532439094
1798,-0.0006084405379525419
1799,0.0016923191607709463
1800,0.0013883505040610013
1801,-0.005163982479933972
1802,-0.006010316081010235
1803,-0.0007682933817162521
1804,0.0005005418112541543
1805,0.0016512740711767046
1806,-0.0007838308387284193
1807,-0.004228334410261693
1808,-0.0007130368482632446
1809,0.0021627499972131647
1810,-0.004413414805287202
1811,-0.0023430003101329623
1812,-0.0012810893486003838
1813,0.03929935243871838
1814,-0.002999142632937015
1815,0.00793911613186414
1816,0.001082532501528198
1817,-0.000592525888665367
1818,-0.00027338695443181876
1819,0.004366847337802758
1820,0.03098276495773389
1821,0.0033468077681097497
1822,-0.00016783444552751978
1823,-0.004251061062503243
1824,0.059044674877979784
1825,-0.0012558325136976661
1826,0.00030585009941734576
1827,-0.005899806897367181
1828,0.0012221392612611279
1829,-0.002410210305312417
1830,0.007690797577795679
1831,0.013535429723167486
1832,-0.008524395184450972
1833,-0.0011981718748918166
1834,0.01031768920289635
1835,0.0018361171413168384
1836,-0.0071315783701872415
1837,0.0058022823833819605
1838,0.004789780574220429
1839,0.001426729531511798
1840,0.00024040480483432033
1841,0.0052032932310290235
1842,0.0023119260426498686
1843,-0.003624326339765619
1844,-0.002883944148061701
1845,-0.00041197361497673224
1846,0.00023555182139680525
1847,-0.007802581252187926
1848,0.0018316211749914019
1849,-0.004721978624490142
1850,-0.0076803877626789585
1851,-0.008123710848105127
1852,-8.935693056410371e-05
1853,0.002244575049068165
1854,-0.00325247472820369
1855,0.00780583454369509
1856,0.005930172783267851
1857,-0.01464192886080136
1858,-0.004858315472705932
1859,-0.0023934753388709235
1860,-0.004912880950237706
1861,-0.001261389740547951
1862,-0.004144104356618453
1863,-0.00011496916453316436
1864,-0.0019146367661835723
1865,-0.003719061694499117
1866,-0.0015420847765159305
1867,0.006417533152881447
1868,0.0016817577687894408
1869,-0.0025460435642456793
1870,0.01902960870372771
1871,-0.01037190335689759
1872,-0.0016799707692661398
1873,-0.0027849365575396065
1874,-0.0006908625029216943
1875,0.029221064354965357
1876,-0.002098843242277472
1877,0.0002332129352530625
1878,-0.0031421129277350267
1879,0.007993017378255671
1880,0.004143261941166092
1881,-0.00017986608577500243
1882,-0.004556923990606313
1883,-0.006585524080493982
1884,-0.004279259234671352
1885,0.002922325208349865
1886,0.008154803466523388
1887,0.001962687169734866
1888,-0.0015034092357493652
1889,0.00048295347596199675
1890,-0.003302044554570588
1891,-0.0027649835285108795
1892,-0.0017875961309430193
1893,0.0069721182106109
1894,-0.00011207017452510501
1895,-0.003987804106493874
1896,-0.0037051604383265546
1897,0.001356249731091129
1898,-0.00394077178792546
1899,-0.012730601446214504
1900,0.006942333756459564
1901,-0.00903664073765223
1902,0.0013443832817047578
1903,0.003017707157328506
1904,-0.004667514639484692
1905,0.0015590871939891553
1906,-0.00932321262337791
1907,-0.011656920966301089
1908,0.003800658987861926
1909,-0.027346112777945138
1910,-0.004143917198641309
1911,0.0015852317095207645
1912,-0.008353451906511086
1913,0.014001041540441994
1914,-0.001144475837578672
1915,-0.006416777549585591
1916,0.006688905367937724
1917,-0.009599323671331088
1918,0.0032062193506280402
1919,0.0006462483045431601
1920,0.049389948427475155
1921,-0.0062252503570693896
1922,-0.009026545230969539
1923,0.022268583484355516
1924,0.009013173726384806
1925,-0.012152415594667572
1926,0.0014048855074177413
1927,0.004068691183900793
1928,0.0038386186531611695
1929,-0.002725810884320619
1930,0.014012189989748592
1931,-0.0016205499936921552
1932,0.004984172651965928
1933,-0.003493558899245571
1934,0.0034571535356745717
1935,-0.004329436856303104
1936,0.0077827890514965
1937,0.016227619223219913
1938,0.000687856770038419
1939,0.004904379133871241
1940,0.004797711358992252
1941,0.005192861094132691
1942,0.006197451429000907
1943,-0.004699642707067898
1944,0.0031303340134720414
1945,0.007294088744650394
1946,0.0030936966882980158
1947,-0.007722773546642463
1948,0.046540098673105296
1949,-0.0045655443850241735
1950,-0.005194685791163382
1951,0.003473278080421416
1952,0.0035942776547641664
1953,-0.005627766230094956
1954,0.0026284351726767914
1955,-0.012245264561934276
1956,-0.004536405084043894
1957,-0.006475165501551104
1958,-0.0031869063621523842
1959,-0.003711382060580963
1960,-0.005654769916885696
1961,-0.001191742689580836
1962,0.00204075885779241
1963,-0.012685787728790088
1964,-0.0006776264857630866
1965,0.0035462443970665815
1966,0.0004288645653782279
1967,-0.00409128085262897
1968,0.013344246928714384
1969,-0.007577706916462805
1970,0.011426887606607365
1971,0.03973935993379396
1972,9.837417623173236e-05
1973,-0.0023274000640900253
1974,0.002098492402249786
1975,0.0008929481572269304
1976,0.0005122382166993719
1977,-0.00788986759920108
1978,0.008640238823639988
1979,0.006708766843287521
1980,-0.005259489556220437
1981,-0.00690270840013156
1982,0.005739872242303372
1983,0.0004425973435631461
1984,0.018187751579659513
1985,0.0032393229621092215
1986,0.0016818088057858234
1987,-0.00022663004699611383
1988,-0.0014718290464090025
1989,-0.0035880229942771603
1990,-0.009392678874025333
1991,0.0020371080835669755
1992,-0.007462598873724441
1993,0.007221586966236409
1994,0.0044915612107742225
1995,5.865295121815217e-05
1996,-0.0024134516249455194
1997,-0.008792010223058241
1998,-0.0006456776231545114
1999,-0.00642956415960004
2000,0.03670529298103717
2001,-0.004020368581441024
2002,-0.01658787083617034
2003,0.0052289629505857735
2004,-0.0021122029993839338
2005,-0.0022279506359777594
2006,0.009412131012835237
2007,-0.02053127135243074
2008,0.00032153296161123793
2009,-0.008980077981639953
2010,-0.001974358966673355
2011,-0.004698609765621763
2012,-0.0019446296983467934
2013,0.0016653257285044396
2014,-0.00038000476990024054
2015,0.0037612121355270964
2016,0.003170938362123371
2017,0.0005941850508623704
2018,0.03763769534723153
2019,-0.013937970638391584
2020,-0.019562460811102127
2021,-0.0021757162425375086
2022,-0.004469696617161151
2023,0.014238094064456874
2024,-0.00030717667384853875
2025,0.0016269197074395628
2026,0.009461411274495946
2027,-0.005903000648113235
2028,-0.0003095599698427001
2029,-0.0022870777427175075
2030,0.0070752488636456265
2031,0.032464433811389595
2032,-0.0028039568483415045
2033,4.5494298629711327e-07
2034,0.009803239591398814
2035,-0.01105470251200217
2036,0.0029103446782651754
2037,-0.003509542246953934
2038,-0.008785715098147448
2039,-0.00016379815373800122
2040,-0.001180105431351771
2041,0.0016475594126206562
2042,-0.002664869667274739
2043,0.0033764916264506714
2044,0.04692747729035236
2045,0.0012596905696240293
2046,-0.0007617043324791746
2047,-0.000777114130186659
2048,0.011997827213195842
2049,-0.003932740193980707
2050,-0.007200645765589278
2051,0.000883020785823016
2052,-0.0059838168494247765
2053,-0.009247944929500755
2054,0.010950878598744416
2055,0.03637975204185487
2056,-0.00216966547741803
2057,-0.002472863398812055
2058,-0.0020030925317233578
2059,0.00200042317516241
2060,-0.0042614160130815815
2061,0.011685789286240023
2062,0.000960392663212073
2063,0.0022227813203768015
2064,0.012040868263685101
2065,0.04448556516960498
2066,0.0026848948761772906
2067,0.010640406737390815
2068,-0.008449372900294176
2069,0.003524775178335323
2070,0.02518680177308413
2071,-0.00026501259858560666
2072,-0.002339301767197724
2073,-0.005007719382888225
2074,0.0005586854914357668
2075,0.019781338787909733
2076,0.0029737711348359064
2077,-0.006497921126607541
2078,0.0033602167233353283
2079,0.09021817832758249
2080,0.0012591988178329017
2081,-0.0008142251629322042
2082,0.009509163642773346
2083,-0.0025684416949007666
2084,-0.00899494598589927
2085,-0.008777862324604625
2086,-0.005718707200135245
2087,0.0007781428815005834
2088,0.011883906912786997
2089,0.014364608739486018
2090,0.005540208031779584
2091,-0.007002615838906809
2092,0.034490226655692555
2093,0.0032236186660176067
2094,0.002907076243730676
2095,0.018357982911145463
2096,0.0005874692957584596
2097,0.0037028974261726078
2098,0.011620028299884518
2099,0.0017404700185029293
2100,0.0018121898719630006
2101,0.000687944645164501
2102,-0.0014546984936458576
2103,0.005362893085310929
2104,-0.000914824386828602
2105,-0.00016831855014844133
2106,-0.0044455046504664475
2107,-0.002560952383027112
2108,0.009535036269500717
2109,0.0005505334341602761
2110,0.021632951568251638
2111,-0.0026166168797091063
2112,-0.0032871485109383577
2113,0.00480040160028692
2114,0.0022662780228999008
2115,-0.0046755320937533346
2116,-0.00019054083537797806
2117,0.0019349821228347823
2118,0.00884062598140195
2119,-0.001153947818622006
2120,-0.006490583551441539
2121,0.006365779530995638
2122,0.009740519105253767
2123,0.002293160189610337
2124,0.0051721444847272514
2125,0.003489314919799931
2126,0.02848304079588351
2127,-0.00304313356129228
2128,0.0016553444320523622
2129,-0.0002623238406558384
2130,-0.013457361846177386
2131,0.0033034111030805086
2132,-0.002541437787636852
2133,0.0031272339954385615
2134,0.021186639034169712
2135,-0.00789943416171205
2136,0.007508220072071865
2137,-0.0073758413228198
2138,-0.007811718885452172
2139,-0.0006891571218824097
2140,0.000782118982663664
2141,-0.003532150544627209
2142,-0.002373423047561121
2143,0.025021926141783724
2144,0.0034305967188382157
2145,0.0009333663525823432
2146,-0.0014793887917953358
2147,0.007929709423311029
2148,-0.0005766393784376322
2149,0.0029010945081305722
2150,-0.007615766971262129
2151,-0.0005496277449329075
2152,0.009950712113790696
2153,0.0026206207959335107
2154,0.02539421240778727
2155,0.004178910376520229
2156,-0.006354874441189595
2157,-0.003683476352380366
2158,-0.002906397252440414
2159,-0.005954758782831533
2160,0.004451845957176008
2161,0.0021655644306217484
2162,-0.000653618660394685
2163,0.020643316691768804
2164,-0.00427865569842395
2165,0.0032411565884397607
2166,-0.004657633287704941
2167,0.0036770365374481535
2168,0.00541511226057079
2169,-0.001236001740188175
2170,-0.0002528588517854806
2171,-0.0020302217367472834
2172,-0.0005014844821230255
2173,0.008229702492036965
2174,0.00587829674777041
2175,0.0008611765827744172
2176,0.0018430578382071378
2177,0.007059382376292736
2178,0.005027376550863744
2179,0.0001323675681841191
2180,0.014345697654031191
2181,0.0026356096076296173
2182,0.003085875353840608
2183,0.0019494178610164822
2184,-0.002731353111603097
2185,0.00694751633524231
2186,-0.0007369898029975161
2187,-0.003915473973807378
2188,0.0017149647222005175
2189,0.000519843248071316
2190,0.0010659404520663648
2191,0.008081013975616173
2192,-0.003705960551481889
2193,0.051003106572124986
2194,0.005130822273495459
2195,0.006211981500352452
2196,0.003958300470520627
2197,-0.0039822668161388144
2198,0.0024151451094407556
2199,0.02320885932128666
2200,0.010269299283859674
2201,0.02085995129483768
2202,0.0013606581603892755
2203,-0.0009600983424033933
2204,-0.001058574902760713
2205,-0.0015684162964953868
2206,0.004702460323754862
2207,0.001192352962253021
2208,0.0802865162308498
2209,0.0004967531439174881
2210,-0.0077980990164923936
2211,0.0010160375450517165
2212,0.0017576124784086065
2213,-0.007248770744800528
2214,0.0038247503162525467
2215,-0.003002192276851487
2216,-0.006648522798882131
2217,0.00995949516269233
2218,-0.004680769279800018
2219,-0.005595390502349223
2220,-0.0025047782898006965
2221,0.055665203087259155
2222,0.021355713587062716
2223,0.01913626593389294
2224,0.0021883913070097245
2225,-0.009402702454873867
2226,0.003089757013870844
2227,-0.010204140498908595
2228,-0.008191446377323913
2229,0.07445878738230165
2230,-0.0028447481462797047
2231,0.002483602788570932
2232,0.005114331267617067
2233,-0.004757253357157244
2234,0.005513566063674112
2235,-0.004545114870183348
2236,-0.0031301939783851193
2237,-0.002030722560437473
2238,-0.003696674177283244
2239,-0.002115133080565615
2240,0.004202285238877293
2241,-0.004548892527419721
2242,0.0031490464844887885
2243,-0.014100863940657501
2244,-0.0034517821163649667
2245,0.0008546843557119613
2246,0.0025796911274471937
2247,-0.0029088891718062337
2248,0.00847627531583495
2249,0.0028874811208117503
2250,-0.000953143493687747
2251,0.02558395409326141
2252,0.0013971575383044006
2253,0.0005670722989974536
2254,-0.0025993741553023177
2255,0.0008061539138236942
2256,0.03141780630363877
2257,-0.007009515355586554
2258,0.008503068687810544
2259,0.02585518296290644
2260,-4.844492088896396e-05
2261,0.00024721296288405387
2262,0.039337197532262995
2263,0.0008187054389057376
2264,0.013263594474994481
2265,0.0022736882924937127
2266,-0.005380851093322869
2267,-0.0021126483854845106
2268,0.0043842070114925025
2269,-0.0040154645095463876
2270,-0.009423849247064457
2271,0.016681415203237834
2272,-0.0029582333087901577
2273,0.0006366178821634906
2274,-0.005082632507139653
2275,-0.011081329643136989
2276,0.0027532992171129707
2277,-0.0012635851146214315
2278,-0.001993521407641932
2279,-0.000551483820973489
2280,-0.006284433344537536
2281,0.019551195732106674
2282,0.027008329616697253
2283,-0.0035047644034866647
2284,-0.0024512631813204053
2285,0.05493141369412402
2286,-0.009384593081206843
2287,-0.009658958222272883
2288,0.020293928044972393
2289,-0.011191767510575212
2290,-0.006501949578079737
2291,0.00023690659535653344
2292,0.0019649070128761915
2293,0.012989734691918803
2294,0.015873357741099353
2295,0.0037159869206842625
2296,-0.008863216782008916
2297,0.005665531575873024
2298,-0.01057473338385534
2299,-0.004296080496062109
2300,0.005042211027586219
2301,-0.00504452943978928
2302,0.0012691492986562775
2303,0.018211880204834177
2304,0.003772513708884699
2305,-0.003082085589145838
2306,-0.007308567159359923
2307,-0.005023782902935505
2308,-0.00039215519608592
2309,-0.006765432170785901
2310,-0.01921559810279709
2311,0.0015292658244008203
2312,0.01690384413225423
2313,-0.011385051969696289
2314,0.0005748265233486358
2315,-0.0020301372480424316
2316,0.00548111824852001
2317,0.013655547551360551
2318,-0.008725756126920003
2319,-0.001798786938195001
2320,0.0008761695880869953
2321,-0.002853307978364066
2322,-0.004725130904889338
2323,0.006344524523500546
2324,-0.003822522014178171
2325,0.009384356000168521
2326,-0.014231104608209408
2327,-0.007326540762384218
2328,0.006800086425316751
2329,-0.0021478321724380973
2330,-0.005210560123150083
2331,-0.003931016885805209
2332,0.018078989904135097
2333,0.0038899685529084523
2334,-0.014197665297674356
2335,-0.005384346266326841
2336,-0.002195082805428728
2337,0.0016590814580509164
2338,-0.002988860950700306
2339,0.0038926624163735414
2340,-0.011727747369775214
2341,0.05396198115977903
2342,0.026050638828735102
2343,0.002941534275978458
2344,2.6287631929456517e-05
2345,-0.002444016843972441
2346,0.001840864823235297
2347,-0.014782061891897728
2348,0.011239042470380205
2349,0.011538115642792005
2350,0.002090224780181192
2351,-0.007457365963495194
2352,0.0021571248839982425
2353,0.0011610879067178378
2354,-0.010738832579144264
2355,-0.010467777285704805
2356,-0.007528778891153859
2357,0.9570829674824438
2358,0.00667544775191431
2359,0.005897282840195514
2360,-0.0026012081447996035
2361,-0.007042156741219836
2362,0.0025529881681563005
2363,0.0037461560924080817
2364,0.000315875023853298
2365,0.003896031580898282
2366,0.004283543494101379
2367,0.002262655560229823
2368,-0.007809858184004509
2369,-0.00012059282190406834
2370,-0.006125651559774244
2371,0.005850702548568742
2372,-0.0040341684994317124
2373,0.006108787955846164
2374,-0.0012399451807346556
2375,-0.00943614254508185
2376,-0.004011456571528946
2377,-0.0005089774012836598
2378,0.0033892532238995986
2379,-0.002529526949768872
2380,0.005931041360350848
2381,-0.007328764179210807
2382,0.00602771192508578
2383,-0.006884699113969411
2384,0.014755065304829661
2385,0.004643035545338289
2386,0.01444345625845171
2387,0.010890772082465909
2388,0.00038021298831508385
2389,0.0010648991551458278
2390,-0.004559891246513553
2391,0.02869039206373163
2392,7.992676766991128e-05
2393,-0.0024409614114022857
2394,0.0007950997116106737
2395,0.0004879397990222925
2396,-0.005949758885391607
2397,0.0029762971431775143
2398,-0.007068640775968547
2399,0.014147628490351616
2400,-0.003703967962686995
2401,-0.006257704693823578
2402,0.004736799630046001
2403,-0.010981993150577789
2404,-0.004597768243128807
2405,-0.002024278018841058
2406,0.028439105977360036
2407,0.015748398752587937
2408,-0.003156130778038623
2409,-0.004684065577929115
2410,0.007432487671685625
2411,-0.0017142658489371285
2412,0.0002906579018892713
2413,6.006858235172233e-05
2414,-0.007875810678468174
2415,0.0029370767270617687
2416,0.002529885198840634
2417,-0.0002125115444556562
2418,0.0019818251979124325
2419,-0.005192332960727235
2420,-0.005041277860977175
2421,0.00022638296345002876
2422,-0.008603909903016786
2423,0.0010737287045365883
2424,-0.012807823605167926
2425,-0.0012178816285209684
2426,0.0013434505368653538
2427,0.0031815637533847
2428,0.005973309521548498
2429,0.005346052706815874
2430,-0.007379720535365147
2431,-0.00964176027036212
2432,-0.00110874435263136
2433,-0.010281527767532266
2434,0.008306285812656918
2435,-0.00578343191680844
2436,-0.0025181112442054024
2437,-0.006925409877168873
2438,0.018195951571054088
2439,0.0028092595694635333
2440,-0.004213679639430291
2441,0.01137804128520753
2442,-0.012571850585297063
2443,0.0024302826891618307
2444,0.02301593628328844
2445,0.02976186671984768
2446,-0.009550573564476361
2447,-0.0016639783822197593
2448,-0.008703891548269935
2449,-0.015949056239513135
2450,0.039744922810659424
2451,0.0009273765155600293
2452,0.0029581116317015273
2453,-0.0028493690058895467
2454,-0.0022230942214583813
2455,-0.003948565974152794
2456,-0.0017079651284024888
2457,0.04021341003887008
2458,-0.01968573091937595
2459,0.003723160047620744
2460,-0.004116385065117339
2461,-0.002344875573790598
2462,-0.003921418855429723
2463,-0.014117628924633793
2464,0.0025897604997405198
2465,0.026312517967781522
2466,0.0007572079614579404
2467,0.029564808478433645
2468,0.003437663624997065
2469,-0.0004734903957736396
2470,0.0014275330827963131
2471,-0.005001706982526263
2472,0.00793357767530797
2473,-0.0007568069831227972
2474,-0.005980377494047014
2475,0.004462125196560619
2476,-0.004713826740390784
2477,0.0015665725068277278
2478,-0.003904168455552897
2479,-0.008274288148778355
2480,0.005144687289107233
2481,0.0008598728600496784
2482,0.015271909994818656
2483,-0.00029898498076483954
2484,-0.0057847538305779225
2485,-0.002698627477211408
2486,-0.005082157052112464
2487,0.001415324031944054
2488,-0.0005677326864467064
2489,0.0036116954875818966
2490,-0.013045911372668695
2491,-0.002868391563982938
2492,0.002455323043077901
2493,-0.016688219199772966
2494,0.006229447203074653
2495,-0.0021659668910001192
2496,-0.004601501185405844
2497,0.0025445950171473775
2498,-0.0015820191737273698
2499,-0.002154534361408871
2500,0.016981929789387472
2501,0.005311760035456178
2502,0.0020157448945637493
2503,0.000729113047491934
2504,0.0027080186086818406
2505,0.02332843353652727
2506,0.0033900572219314543
2507,-0.00168128573281345
2508,0.009914362562599522
2509,-0.0009358333401183749
2510,-0.003599870936141704
2511,-0.004125050064652691
2512,-0.0006596161956887898
2513,0.003886341363817665
2514,-0.0022760219154242707
2515,-0.0007971138639690442
2516,0.0009138158959540593
2517,0.022143293961402702
2518,0.00813173365618634
2519,-0.0014233814533350236
2520,0.007567313006022643
2521,0.0038517589365073546
2522,0.015549288327863068
2523,0.0021099905674173483
2524,0.006674448429876342
2525,0.011091069201497213
2526,-0.0011635807721944377
2527,-0.008915758226323164
2528,-0.00027701381403031147
2529,0.009387208813888097
2530,-0.005070321931281253
2531,0.0021566530948131414
2532,0.012272889174197494
2533,2.6548007610798646e-05
2534,0.024590732489756552
2535,-0.0068639045634349485
2536,0.001832809549078735
2537,-0.0028473571314174585
2538,0.0031937831006703422
2539,0.006317103850992191
2540,0.0057570732467654775
2541,-8.460851432330607e-05
2542,-0.014355025720451345
2543,-0.00043182261478846157
2544,-0.000852916117478248
2545,0.0032744170334313497
2546,-0.004526295420301741
2547,-0.0006972004633934541
2548,0.00043706116647889565
2549,-0.005797431162980864
2550,-0.006089276551242057
2551,0.00831027788276241
2552,0.006502554911375261
2553,0.012925798551612858
2554,-0.005903150510921669
2555,0.03979898763429734
2556,-0.004594124238913998
2557,-0.006407420751462577
2558,0.0062103397643149365
2559,-0.00019224430532091552
2560,-0.00012771007922571936
2561,-0.0008235505066908136
2562,0.0026025163404782177
2563,0.002517431356431614
2564,0.008168883775353172
2565,0.005460906762442486
2566,-0.0011948197204013286
2567,-0.002040071651429942
2568,0.026085428352349532
2569,0.0038812277919291725
2570,-0.003206596899245795
2571,0.006024340409166325
2572,-0.018414056784731306
2573,0.0017944264636403848
2574,0.0038358076897904506
2575,0.0006991192983186179
2576,0.0050212186044919435
2577,-0.0016535266974640542
2578,-0.009344860768050106
2579,-1.3650972020516627e-05
2580,0.0005862305330638293
2581,-0.006822134234763633
2582,-0.01434879782406942
2583,-0.0007489729963083072
2584,-0.0014531654822398168
2585,0.002627524974067371
2586,-0.0027175267741967775
2587,-0.01361972711050908
2588,0.004647168142530814
2589,-0.0026496538893490754
2590,0.0014751377813968791
2591,-0.006228847560419581
2592,-0.000530539702981149
2593,0.053781783716123056
2594,-0.009006747552956017
2595,-0.008823352685865232
2596,0.006172739418607069
2597,0.01826788766444859
2598,0.004034392228299814
2599,-0.0036262822831045483
2600,0.0022089604028364754
2601,-0.0018315703765255029
2602,-0.005149814865527257
2603,-0.002835636079421347
2604,-0.003789414848496403
2605,-0.005173768127036134
2606,-0.0017973996804226192
2607,-0.006819618509082803
2608,-0.0027788926474525723
2609,0.0011229846698343933
2610,-0.001582870337492829
2611,0.009915634730713448
2612,0.0018425940006636665
2613,0.05038733143092483
2614,-0.0029885492593114404
2615,-0.0050961616642860655
2616,-0.01230849756420875
2617,-0.0007652875644989995
2618,0.022468525943131562
2619,-0.004614050446973394
2620,0.0016839311273215453
2621,0.027661348487889613
2622,-0.0020807028657176783
2623,-0.0040772428009992895
2624,0.009388160311089185
2625,-0.004611614799241978
2626,-0.002233327356391958
2627,0.01159753052756471
2628,-0.000448638007043721
2629,-0.002051033765846845
2630,-0.005039864162890914
2631,0.0074508654485920395
2632,-0.0010836424501811347
2633,-6.576911139597602e-05
2634,-0.0018786780138427342
2635,-0.006224658890757531
2636,-0.0003975684207717309
2637,-0.0020888166482610562
2638,-0.004766468792970963
2639,-0.004096335446039268
2640,0.0015905122268000393
2641,-0.006227336761192755
2642,0.007809468754398651
2643,0.006673928388756106
2644,-0.003935103339410797
2645,0.0066302118065109696
2646,0.009191255523605411
2647,-0.0010479691536662387
2648,-0.009986657829070045
2649,-0.003455587313743083
2650,-0.0007778763847300883
2651,-0.005085925360225944
2652,0.00019992415047916795
2653,-0.0016363840747281866
2654,-0.005299750896375056
2655,-0.008197606982164589
2656,0.010497140165561886
2657,-0.006408742452367874
2658,0.0028911644460480612
2659,-0.0008589487684502392
2660,0.0001709030802058316
2661,0.0017945347858358447
2662,0.02288495763123155
2663,0.00955749645677767
2664,0.006102444791411428
2665,-0.012162465694668348
2666,0.00047583247006973556
2667,-0.012621439159787043
2668,0.0017201017741441081
2669,0.06075084125983078
2670,0.0027750647545000534
2671,0.0017271907810560115
2672,0.011357936410480886
2673,-0.0010189089970601
2674,-0.003320870235833027
2675,0.01323720483314593
2676,-0.00668439248928214
2677,0.007529271115847759
2678,0.0005570714958724847
2679,-0.00024881294100865745
2680,0.008364010408709741
2681,-7.660123179699385e-05
2682,0.007881651701425425
2683,0.07524682174710148
2684,0.00253934494101192
2685,0.00859687333986995
2686,7.637043606952693e-05
2687,-0.0006150899361855935
2688,0.0007914300810210016
2689,0.00792743288842098
2690,0.005730662003261739
2691,-0.003672066297608391
2692,-0.0012409921697224824
2693,0.022888832904370653
2694,0.00018279301777482035
2695,0.009440139708221097
2696,0.021835363159155644
2697,-0.0012774455096684206
2698,-0.004128774875384468
2699,-0.0019356533469860326
2700,-0.0024515648911163646
2701,-0.005425646805551118
2702,-0.003595767316242074
2703,0.0034154952161549804
2704,-0.002527840395378421
2705,-0.003068106855298715
2706,-0.00301122195302405
2707,0.009076880070635937
2708,-0.0020207666474862003
2709,-0.0032770333441984913
2710,-0.008584484649293532
2711,-0.013534761156514537
2712,0.0018402736106533472
2713,0.0031603698407182655
2714,0.0007832441130198389
2715,-0.00031097051798818776
2716,0.003120435476991819
2717,0.0005661488205067275
2718,0.016120540718511267
2719,0.005238678982843831
2720,0.006647758360770084
2721,0.026688552820159833
2722,-0.002433211136938583
2723,-0.0019968346640845333
2724,-0.0017661303731020608
2725,-0.002491514589197233
2726,-0.006496825874169387
2727,-0.010718800133115894
2728,-0.0036312474926068553
2729,-0.0015630076974256155
2730,0.008325892047570692
2731,-0.005103089222474724
2732,0.016600265508213384
2733,-0.0197834443479962
2734,-0.0007955271992023394
2735,0.002098742041897285
2736,0.022627044859338048
2737,0.008456391128779418
2738,0.0041197375525398455
2739,0.01107316251429097
2740,-0.005316909194374997
2741,0.021940494532701943
2742,0.005289494986753442
2743,-0.01862898739550628
2744,0.006542397771256009
2745,0.009280479491815097
2746,-0.007634935024215882
2747,0.03803072494040838
2748,-0.0026801386744958605
2749,-0.0004002379084603047
2750,-0.012987301183089592
2751,0.0037528298286006873
2752,-0.0025454624445905606
2753,0.0032272131649441482
2754,0.008389165182916287
2755,-7.522437902142062e-05
2756,0.013196043642554217
2757,0.0018876870808751077
2758,-0.0032527077476954616
2759,-0.004018567772216951
2760,2.164371456853803e-05
2761,0.005003545429652579
2762,0.0012225758236269826
2763,-0.00024706441490494543
2764,0.011817952304209707
2765,0.007963599020431325
2766,0.014998878247741269
2767,-0.004294414803074735
2768,-0.0020838759279338745
2769,0.007571839973663105
2770,-0.015223333288189755
2771,-0.00011650202626134823
2772,-0.006088061585168253
2773,-0.0005358735869884293
2774,-0.001642372453008356
2775,-0.007799756568856342
2776,-0.005297788433484225
2777,0.0018231266412174207
2778,0.007734718334204704
2779,-0.005704995340323947
2780,0.055302469551966014
2781,0.00040247873317862323
2782,0.032992652088246324
2783,-0.003837145000325927
2784,0.00017341181147249168
2785,0.004221430119090763
2786,-0.011249294681950961
2787,-0.0008210477397705973
2788,-0.0021344506959177605
2789,0.012863522340355624
2790,0.0012000227581013823
2791,0.002322027853286973
2792,0.002321297670448648
2793,-0.00027180383223976076
2794,-0.0012084655202526141
2795,0.007441023981395754
2796,0.008429461442267333
2797,0.08349197757080008
2798,-0.012035483364293387
2799,-0.016715260727175475
2800,-0.009494759305260558
2801,0.0027180655269177373
2802,0.0009542886631301283
2803,-0.0011037726803215797
2804,-0.00605418276749245
2805,0.006124936942182697
2806,-0.005184941612453774
2807,0.003752437769786548
2808,-0.0005022905368371293
2809,0.0440851211496505
2810,0.0033020482232234832
2811,-0.0024720934330237157
2812,0.022446000210152077
2813,-0.0027229210490762115
2814,0.0019331880191905126
2815,0.07396726881994933
2816,0.0023499207154462597
2817,0.0021898718781920463
2818,-0.01696644986861564
2819,-0.002528852611830182
2820,-0.004526661021026574
2821,-0.001981939964896491
2822,0.004545849922005459
2823,0.026761073859915285
2824,-0.0008720086297687446
2825,0.023290657115447415
2826,0.0009431949033983263
2827,0.0008352012827405886
2828,0.009818515236919591
2829,0.018877128734332487
2830,0.00035463569539095907
2831,0.001844041567125733
2832,-0.0036746987738858206
2833,0.027789283278197404
2834,-0.0010763212261995503
2835,0.012435488895106924
2836,0.05164507580848906
2837,8.257903744492492e-05
2838,-0.021494374601304878
2839,0.010643433335699243
2840,0.0028195470087127687
2841,0.003960959519455121
2842,-0.006096346340581843
2843,0.0006333332250091812
2844,0.0022344549177114315
2845,0.009930061505468477
2846,0.0016300750302881521
2847,-0.0029096558387293157
2848,0.012778525930809765
2849,0.006012333027860344
2850,0.0008156436136961334
2851,-0.0036919095075297476
2852,-0.0073536601481358835
2853,-0.007999821487010186
2854,-6.660968072947152e-05
2855,-0.0034395639033992474
2856,-0.0028562443115022207
2857,-0.006044684022880303
2858,0.032121325881704854
2859,0.0031934144976066108
2860,-9.868569511775616e-05
2861,-0.008467215749116998
2862,0.04015276870486452
2863,0.0015324789701681336
2864,0.001149205158220177
2865,0.00213219618490975
2866,-0.009032525287665162
2867,-0.006898497055626354
2868,-0.002805364465635115
2869,0.0007747497849495064
2870,-0.006731470414542515
2871,0.008372137241043298
2872,0.0018314375551312656
2873,-0.004720689415019241
2874,0.0022988346309054837
2875,0.0026972120954792747
2876,-0.014018036036667292
2877,-0.003807119132180861
2878,-0.005776573475020905
2879,0.004829055624153866
2880,0.01457258313589664
2881,0.01669400123075533
2882,-0.010140836373022044
2883,-0.0068163136180157055
2884,-0.015402054467619643
2885,-0.00014971409674752537
2886,0.01930694304672627
2887,-0.00790818487138615
2888,0.001117954522899891
2889,0.0010671185427316224
2890,0.005343653218667803
2891,-0.004140937452960736
2892,-0.003762932693506721
2893,0.004492281766307522
2894,0.006152951033908834
2895,-0.007344340906273866
2896,-0.012882895738895749
2897,0.004311357648108895
2898,-0.0014981023623825036
2899,-0.009875498639857712
2900,-0.004218959790650116
2901,0.017219628999536468
2902,0.02154005932256648
2903,-0.00499449952899917
2904,-0.0002279031882336767
2905,0.0028008771731153417
2906,-0.000362008487395718
2907,0.011632381703052034
2908,0.0034212224828688437
2909,-0.004239109619923159
2910,-0.0105333530134913
2911,0.04092021101272091
2912,2.455389563140592e-05
2913,0.005300932483940542
2914,0.001451784964908484
2915,0.002160809937667412
2916,0.006992162357143155
2917,-0.001922409430320477
2918,0.003094627078062691
2919,-0.0014408158913438752
2920,-0.001571808957057927
2921,0.09423670515766129
2922,0.0021937637949863073
2923,-0.0007087973884043371
2924,-0.0005644942521830995
2925,-0.00838766146030645
2926,0.0014990545139910647
2927,-0.007424234802012486
2928,0.0053406719625256616
2929,0.0009239197647709224
2930,-0.003327723341579894
2931,0.001115370585270465
2932,-0.0038381323328059262
2933,0.0016747921565955573
2934,0.0016217614679052035
2935,0.001102928061289192
2936,0.002084891275274895
2937,0.009626550288653356
2938,0.002974894816326519
2939,-0.013752787968649781
2940,-0.00772223841030685
2941,-0.015084447793378537
2942,0.0012710529817409853
2943,-0.0018932723474802682
2944,-0.005956090171947273
2945,0.0005952208509285642
2946,-0.0016206500761231368
2947,0.007098556205415822
2948,0.002774166319816293
2949,0.0006911946294526732
2950,0.01066276559214508
2951,-0.0005635931132726077
2952,0.002226252630148782
2953,-0.012507727472484263
2954,-0.0021114598408458196
2955,0.025551413511658246
2956,-0.003544571396101554
2957,0.0005494292945772208
2958,0.0011580730386070645
2959,0.0008115106865627664
2960,0.021695115101221386
2961,-0.0039494331062812915
2962,-0.0010731971418725741
2963,0.002432739363053965
2964,0.06452151352817825
2965,-0.005186065022506875
2966,-0.009692083828379591
2967,0.0015203694394553928
2968,0.009379106926945949
2969,0.00784327333447932
2970,0.00424701822392963
2971,0.009837373367510803
2972,5.3061513159674556e-05
2973,0.0010133242277866154
2974,-0.00043693790873416613
2975,-0.002170715468098605
2976,0.0009108551153231663
2977,-0.006721241700127979
2978,0.00333285614098823
2979,0.03747662367722558
2980,-0.001360151455638739
2981,-0.008298951396409064
2982,-0.007587106718469884
2983,0.0022112081526908037
2984,0.007065290378694456
2985,-0.002077634292124892
2986,-0.00319723087036412
2987,-0.009037846788647816
2988,0.0012944579108080598
2989,-0.015835092249542763
2990,-0.0006445499941584582
2991,0.0001982876829407787
2992,0.004238542774874805
2993,0.009664687520571133
2994,-0.009831928298858143
2995,-0.0032796590911201295
2996,-0.00571059961214402
2997,0.00208541074318375
2998,-0.006279298895795232
2999,-0.007013870460241843
3000,-0.003258044827065494
3001,0.0009408272456503559
3002,-0.00720144640152879
3003,0.006429887965736701
3004,0.009342300901693489
3005,-0.003677746854862461
3006,-0.0018669377470400816
3007,-0.00953976397229686
3008,0.002287955806924081
3009,-0.005176551537130966
3010,0.04219892514081766
3011,0.009156185633670516
3012,0.002326700557230974
3013,0.010738767713500384
3014,0.01366233258466042
3015,-0.0032809296800914607
3016,0.0017533704003820198
3017,0.004887569819933404
3018,0.04132383673922306
3019,-0.012177888661651634
3020,-0.0015142418362231666
3021,-0.0025959905767592925
3022,0.008223924008977656
3023,0.004957587815191972
3024,0.007325796975239881
3025,-0.006034009770475135
3026,-0.0006245690416860697
3027,-0.001727103535505821
3028,0.004099621355659201
3029,-0.01235940661962362
3030,-0.009273074226303378
3031,0.0015175246865236358
3032,-0.0038088158618070807
3033,-0.005386780153919177
3034,-0.0028614339964429664
3035,-0.0007658501048767065
3036,-0.002398127594008627
3037,-0.005667535168708639
3038,-0.00370746494680807
3039,0.010754715551041856
3040,-0.00039231778477926554
3041,-0.006527039993616389
3042,-0.0052441397518630944
3043,-0.0013842032411622157
3044,0.00917936067922379
3045,-0.0029957996694990746
3046,0.0006071638569988269
3047,-0.0009883236681828694
3048,0.01525407492488983
3049,-0.003871491625866707
3050,0.0008803888732432548
3051,-0.006236739939774069
3052,0.006266117713948315
3053,0.0007045677721155934
3054,-0.005337225130100487
3055,0.0006475847938936796
3056,-0.0003321671766767856
3057,0.0205342582903293
3058,0.009440860521251968
3059,-0.002211007197765534
3060,0.01580044546669744
3061,0.01697849641739707
3062,0.0013419198545080446
3063,-0.011085888446285962
3064,0.011042012670800044
3065,0.03163437230408423
3066,-0.006460508019025112
3067,0.002323213971658966
3068,0.01089957139464624
3069,-0.0018320039833430411
3070,0.012103467143903862
3071,-0.003439942185112326
3072,-0.0018971452870615232
3073,0.0019152179331616628
3074,0.0050771797918671875
3075,0.015124388700881897
3076,-0.0020467835163186926
3077,0.05040420392939434
3078,0.00792489807793895
3079,-0.008798179479284164
3080,-0.0012085426807567322
3081,0.005350348346209122
3082,0.011735519359420573
3083,-0.00035554684160933603
3084,0.000546866730506558
3085,-0.0015491161439492168
3086,-0.007437210238615738
3087,-0.003245581914676013
3088,-0.004976007288029709
3089,6.1000578144326106e-05
3090,-0.006586163834438122
3091,-0.0013264132093233245
3092,-0.00717136362295738
3093,0.0035621314593027344
3094,-0.002175494184310383
3095,-0.005940009020886039
3096,-0.00423118966533113
3097,-0.005383156739639787
3098,0.015328871337670419
3099,-3.374363844838718e-05
3100,0.05667916278116597
3101,0.006292995930414595
3102,0.0016304182802472228
3103,-1.9029703045497087e-05
3104,-0.0023858257994142235
3105,-0.0021097188047017393
3106,-0.009833064271412242
3107,0.0033947540576213
3108,0.012893288784176836
3109,0.01715534367246388
3110,0.0012801444807146733
3111,-0.0028432962879641893
3112,-0.000631637964209189
3113,-0.009291830901253656
3114,0.024382049862832555
3115,0.01428924238793482
3116,0.004188593002942973
3117,0.0015332247010759886
3118,0.008474501526133722
3119,0.0023046814994838564
3120,0.001190643455036524
3121,-0.005488666385998528
3122,-0.008881364483656354
3123,0.002397915407248454
3124,-0.001956381718829843
3125,-0.013779566108987548
3126,0.0005103853121411865
3127,-0.0009028913240861636
3128,-0.01009792404104403
3129,0.006489585816528885
3130,-0.006884378090437328
3131,-0.0009373705350165379
3132,-0.005875069842155654
3133,0.00010110393848812571
3134,-0.002756924261655514
3135,0.003936634653796806
3136,-0.004145802383290487
3137,0.06313448628107868
3138,0.001663363922881897
3139,0.00046875064644912035
3140,0.004264269937071474
3141,-0.009361780689405005
3142,-0.0014254112675429406
3143,0.004453647646818493
3144,-0.004277871686619212
3145,-0.0072504039991401065
3146,0.003058920456536676
3147,0.007743548111785327
3148,0.003241940056494492
3149,-0.0021476809611424633
3150,0.02222058626461627
3151,-0.00415147210311928
3152,-0.02140163982691507
3153,0.015133815815333518
3154,-0.04229164494891609
3155,0.008633445648217563
3156,0.009484975250169857
3157,0.01575654334284997
3158,-0.0005953460362818387
3159,-0.009855909009099342
3160,0.006119247223315083
3161,0.023318545997620684
3162,-0.0050837377018278646
3163,0.00848189807718816
3164,0.010206191597501253
3165,-0.003168257035395746
3166,-0.0019463159629340317
3167,-0.0062078775560531416
3168,-0.004213187387002836
3169,0.002794492469051741
3170,-0.00447752455230915
3171,-0.00370841783977267
3172,-0.008814804827231348
3173,-0.0023897144700574177
3174,-0.003468471433977865
3175,-0.0052764767679203475
3176,0.003252410625320109
3177,0.0010780702925706626
3178,-0.005484112744884209
3179,0.014546661579081561
3180,0.001873524715106288
3181,0.011976730102837424
3182,0.001339199532225395
3183,0.0026267038632127315
3184,-0.0034753279272311637
3185,-0.013074288110471413
3186,0.0058589126268860856
3187,0.00773322671113124
3188,-0.012392704779143754
3189,-0.0031641027234218244
3190,0.002058332522303915
3191,0.0004187466416360787
3192,-0.01930445251218616
3193,-0.005512656810390433
3194,0.0030351942685111245
3195,-0.010222094212268926
3196,0.0010805286589958552
3197,0.001992526867268793
3198,-0.0008967536908479831
3199,0.023659131607466348
3200,-0.016266639615837852
3201,-0.009849363713675285
3202,-0.0015630752903202302
3203,0.0190614654860327
3204,0.001099825936922233
3205,-0.0006600265668150786
3206,-0.007839706349642345
3207,-0.0004720487999752866
3208,0.04141262268205019
3209,0.0010478014591220296
3210,0.0012855509632642738
3211,0.0010022377405462385
